time,high,low,open,volumefrom,volumeto,close,sma,ema,macd,rsi,target
2023-05-03,29278.11,28151.97,28694.7,40257.03,1150554649.51,29041.65,0.07338333732193825,0.07331716163938762,0.23028655200825093,0.0,0
2023-05-04,29376.48,28702.7,29041.65,27573.93,799149017.42,28865.72,0.07137805467362746,0.0725840717899785,0.2283251136887939,0.0,1
2023-05-05,29701.05,28852.44,28865.72,35426.26,1039027772.96,29548.51,0.07589800484805842,0.07482941633620777,0.2344231321706318,0.8265126310631651,0
2023-05-06,29853.13,28449.95,29548.51,24527.41,713641803.94,28943.98,0.07471270761280657,0.07414747585412917,0.23241375453556484,0.4850455674331528,0
2023-05-07,29212.06,28547.22,28943.98,16604.62,480627306.93,28572.81,0.07230926357376777,0.07204288122994218,0.22667705094177287,0.38690317732392865,0
2023-05-08,28786.01,27396.42,28572.81,40605.62,1136175854.67,27783.42,0.06770776318663219,0.06703159897999034,0.2134227309632965,0.27050088479979856,0
2023-05-09,27963.87,27510.12,27783.42,22925.76,634693185.14,27680.21,0.06408486100978583,0.06250138902404767,0.20207978732078055,0.26026319078941834,0
2023-05-10,28330.36,26840.62,27680.21,41945.8,1162217682.96,27628.73,0.06122098973903489,0.05858033950648944,0.19294036129175696,0.2554410388866511,0
2023-05-11,27642.56,26731.83,27628.73,29504.51,802346192.21,26991.62,0.057379779305104184,0.052717408594844195,0.17910231956238176,0.2077939011030416,0
2023-05-12,27092.93,25833.3,26991.62,42526.8,1123450368.34,26807.09,0.0538861495504761,0.04715153958361673,0.1667865256101439,0.1971431462516902,0
2023-05-13,27043.5,26705.45,26807.09,12502.23,335722601.8,26788.88,0.048750651805196665,0.042521766768993996,0.15765802357223624,0.19615098775589992,1
2023-05-14,27189.55,26611.92,26788.88,11877.98,319668371.39,26931.44,0.04434119563402117,0.039327809873307196,0.15292313600922675,0.22811777973184238,1
2023-05-15,27668.19,26759.29,26931.44,27959.1,764041771.98,27176.27,0.03893334966161299,0.037734764465895965,0.15282470299965795,0.277707746480272,0
2023-05-16,27304.97,26869.45,27176.27,23994.43,649282623.49,27036.57,0.034585147335444266,0.03584924208441176,0.15207282810370074,0.2683490843881192,1
2023-05-17,27488.05,26565.39,27036.57,29196.37,788279620.49,27406.21,0.03192572286262041,0.03584680985574662,0.1564961821477347,0.33147949856939907,0
2023-05-18,27476.67,26379.63,27406.21,27707.43,749234030.86,26823.31,0.029737020624833077,0.0334159102090239,0.15430395411518066,0.3040717697708725,1
2023-05-19,27178.6,26668.92,26823.31,16460.59,442561192.0,26888.42,0.02793202687947305,0.03169830181488675,0.15417820453813072,0.19854095377545639,1
2023-05-20,27164.5,26840.23,26888.42,7375.52,199050865.32,27118.54,0.026768978900911344,0.0312518822133826,0.15751261539701444,0.278322843454733,0
2023-05-21,27280.07,26691.06,27118.54,11973.11,322799242.35,26755.17,0.02622995874267453,0.029372488627704807,0.1569031768826591,0.27887634412246337,1
2023-05-22,27084.08,26548.27,26755.17,17684.89,474287648.56,26855.4,0.026340088004016993,0.028252455417137834,0.15837943562303874,0.3705487752789333,1
2023-05-23,27480.33,26808.03,26855.4,21235.04,578611517.74,27224.7,0.02733359938216373,0.028874915750348285,0.1644728175924764,0.45207816749370655,0
2023-05-24,27225.89,26092.06,27224.7,31836.22,843296169.29,26326.17,0.02595380352182941,0.025640080393057874,0.15997916471859475,0.36396945222555016,1
2023-05-25,26605.5,25882.27,26326.17,22984.71,604389199.53,26480.21,0.02436703942226348,0.023635272439873733,0.15897710766209228,0.4509322577668202,1
2023-05-26,26940.67,26338.96,26480.21,20356.54,542617989.88,26719.7,0.023644690860028295,0.022992915613838427,0.16167473032761354,0.508144825730816,1
2023-05-27,26902.14,26585.34,26719.7,7427.77,198605797.63,26872.59,0.022428230987588504,0.02310443447733168,0.16627471950785294,0.5304726855796089,1
2023-05-28,28249.51,26789.58,26872.59,19785.88,543751511.42,28077.57,0.025287488435971728,0.028216757197132347,0.18404246526544787,0.6361931490173596,0
2023-05-29,28450.88,27546.65,28077.57,21644.99,604161699.4,27746.07,0.02724261907125136,0.031018225905751207,0.19479417832644969,0.5766688594176181,0
2023-05-30,28052.68,27568.98,27746.07,23615.79,656814149.04,27703.56,0.028576252283227466,0.03313320002494313,0.20314841391426414,0.5876484340465907,0
2023-05-31,27836.82,26853.57,27703.56,28352.48,770131646.3,27220.17,0.029636283467749158,0.03284937600699189,0.20461372103428652,0.5012081663403308,0
2023-06-01,27347.94,26628.22,27220.17,23979.7,645324727.67,26825.73,0.029568646639265728,0.030973548328879663,0.2016567217643915,0.5199874047006359,1
2023-06-02,27305.0,26519.23,26825.73,23786.38,643162971.0,27251.14,0.02962892024038133,0.031211438404227576,0.20440913371024866,0.5547117693728354,0
2023-06-03,27330.86,26946.35,27251.14,8092.89,219785033.16,27078.3,0.03134350358406801,0.03068586173546628,0.20493349316812434,0.5158156249507883,1
2023-06-04,27451.16,26964.17,27078.3,9147.43,248793311.51,27125.24,0.032813937809771376,0.030451440650028028,0.20615657251177164,0.5580787372774095,0
2023-06-05,27135.1,25411.77,27125.24,37219.66,973121005.98,25740.46,0.030581626117016314,0.024489345657514594,0.19195094018818415,0.4277722179435972,1
2023-06-06,27379.88,25380.61,25740.46,38336.34,1007782393.96,27269.02,0.03148534259546798,0.025980686569986866,0.19829991416375653,0.5228249923339244,0
2023-06-07,27423.02,26132.38,27269.02,30599.1,816508052.84,26348.91,0.0275446253751771,0.023366830927941118,0.1933804226831557,0.5213170072640536,1
2023-06-08,26816.33,26225.25,26348.91,15156.05,401604313.0,26509.09,0.024724760053392747,0.021895682302152886,0.19173254495096845,0.5217418843608869,0
2023-06-09,26777.91,26290.32,26509.09,16583.88,439912147.38,26483.81,0.021944172876359747,0.020586674987808862,0.1905989885919265,0.5028822405843938,0
2023-06-10,26533.58,25424.05,26483.81,31361.96,809187356.13,25856.18,0.01883477086479901,0.016900372111487427,0.1831657264216886,0.4515612062086377,1
2023-06-11,26214.2,25655.94,25856.18,13172.72,341057974.45,25937.58,0.01681011130236265,0.014223495081821524,0.17878646115511201,0.35185240194362294,0
2023-06-12,26099.5,25629.48,25937.58,17060.82,441188405.58,25905.64,0.013742859778117511,0.011900230885755203,0.1755862103848242,0.36851549659301824,1
2023-06-13,26425.22,25717.6,25905.64,23047.35,599487905.69,25928.94,0.011122736246414577,0.010096468076310372,0.17396202812638326,0.37347869837342634,0
2023-06-14,26074.14,24836.48,25928.94,26761.01,684056303.1,25125.73,0.0065645793566017074,0.00527373382923213,0.16437643125637838,0.35545189535837546,1
2023-06-15,25740.96,24765.75,25125.73,32804.74,824201465.11,25574.36,0.00618593165821657,0.0031972748893377423,0.1626192232066307,0.42237757492699224,1
2023-06-16,26479.27,25205.5,25574.36,27648.16,715401866.52,26330.59,0.004046651949634494,0.0046495193839684035,0.17044481660397806,0.45149570294003966,1
2023-06-17,26780.79,26170.91,26330.59,12515.48,331591669.75,26510.43,0.00441485891076121,0.006587102011954893,0.17926296741351713,0.4776823477832563,0
2023-06-18,26686.77,26260.74,26510.43,9378.95,248624880.04,26338.0,0.004024835823965955,0.007453891331883455,0.1848308234554225,0.46246053837059764,1
2023-06-19,27036.32,26265.34,26338.0,17956.62,477713441.96,26842.09,0.00484158415254754,0.010263595651044621,0.19533120219642247,0.6111589974068623,1
2023-06-20,28407.13,26648.29,26842.09,45985.63,1265530107.38,28319.35,0.01045671751336108,0.018718099223306472,0.22042627387403832,0.607621608832303,1
2023-06-21,30780.84,28276.59,28319.35,57981.94,1710075101.48,30000.55,0.01971881407632048,0.03264088076570926,0.2589436712854498,0.7919296775143313,0
2023-06-22,30499.85,29611.53,30000.55,34380.15,1034077333.64,29892.81,0.028808114158018094,0.04358330130831434,0.28759335249739015,0.7738702824913557,1
2023-06-23,31416.26,29818.21,29892.81,41294.22,1263857697.39,30705.39,0.03969668609631638,0.055922163388121615,0.31844604514875824,0.8044105205093789,0
2023-06-24,30811.37,30276.97,30705.39,13046.45,399256498.04,30548.2,0.052057949100904444,0.06536259461520566,0.33986120948888765,0.8567008056630375,0
2023-06-25,31051.66,30297.61,30548.2,13393.19,410384145.76,30473.64,0.06322652884650326,0.07277589671425166,0.3545594908883761,0.8458085196117082,0
2023-06-26,30658.58,29930.89,30473.64,21681.68,656487409.95,30271.91,0.07221130757377014,0.07800072878900877,0.3624099408464253,0.8264017597992125,1
2023-06-27,31013.13,30232.66,30271.91,22312.5,683163079.08,30696.99,0.08175514446811671,0.08404687448087123,0.37179410286676556,0.8373747112754432,0
2023-06-28,30714.46,29862.15,30696.99,19096.02,577536151.3,30078.9,0.09028303835666995,0.08641817667693608,0.37064267793229777,0.8577268091861137,1
2023-06-29,30833.99,30043.07,30078.9,21447.12,654120553.86,30447.17,0.09850131195386447,0.0898928922122697,0.37224689560828716,0.8557888184704234,1
2023-06-30,31272.25,29465.7,30447.17,47299.15,1438707503.25,30471.06,0.10340642958837465,0.09283538949616232,0.3721523285124153,0.8360178744845997,1
2023-07-01,30653.27,30321.27,30471.06,7261.71,221634243.18,30590.76,0.10475189411615216,0.09574167005667145,0.3717960652047543,0.8342034857123862,1
2023-07-02,30788.75,30181.34,30590.76,8660.66,264438993.35,30617.66,0.10640428896368026,0.09823162667037288,0.37020420480281224,0.8568402187024075,1
2023-07-03,31388.17,30575.7,30617.66,19619.43,606995802.76,31160.24,0.10744118183309903,0.10252976249859613,0.3734117257884372,0.8578994087854128,0
2023-07-04,31331.3,30638.68,31160.24,13276.48,411450957.26,30774.39,0.10795681291616765,0.10443860507751146,0.3699918545597105,0.7498352987521187,0
2023-07-05,30877.17,30201.06,30774.39,15878.7,484235780.2,30503.07,0.10802390263178152,0.10486981106171966,0.36269544646684804,0.5828928724520946,0
2023-07-06,31521.11,29869.18,30503.07,30802.77,942103548.67,29907.98,0.10719427435439877,0.10274291131124147,0.34883531349971447,0.5214428858876894,1
2023-07-07,30450.48,29725.12,29907.98,19368.34,584908167.72,30349.69,0.10640255643959362,0.10284329991274754,0.34154986353465633,0.4762584399381262,0
2023-07-08,30383.67,30056.18,30349.69,6360.91,192238272.3,30294.36,0.10689372701812505,0.10269487922110931,0.3339570594304924,0.4879477208451159,0
2023-07-09,30441.0,30074.68,30294.36,7139.62,216124236.01,30171.49,0.10626527670210573,0.1020614521254748,0.32545697703918397,0.48233303471536054,1
2023-07-10,31045.4,29964.03,30171.49,22193.83,674592681.26,30421.04,0.1061512492615686,0.10258305360473319,0.3204950305821338,0.5379908168542891,1
2023-07-11,30805.91,30314.1,30421.04,17665.77,539220942.45,30626.62,0.10623299704280931,0.10386645808785411,0.31787145412885415,0.5106545635898482,0
2023-07-12,30977.57,30214.19,30626.62,24693.12,755704294.14,30385.22,0.10570311822876599,0.10391061685467695,0.31212646557338986,0.5633549360675915,1
2023-07-13,31844.94,30259.09,30385.22,42344.72,1314075890.88,31475.78,0.10642243487384961,0.10849104543138932,0.318851378468982,0.6420078602980647,0
2023-07-14,31636.78,29929.3,31475.78,33129.0,1021600213.08,30331.09,0.10541187181127243,0.1074688136442572,0.31034878444973224,0.5064939619796578,0
2023-07-15,30403.12,30258.91,30331.09,4925.15,149344124.18,30298.45,0.10494541249734379,0.10649643324279434,0.30241091543975507,0.4916347839478854,0
2023-07-16,30450.66,30083.92,30298.45,7411.25,224532522.64,30248.17,0.10572092219339202,0.10549133550755063,0.29480928701102177,0.4843676960243615,0
2023-07-17,30340.04,29675.15,30248.17,18560.1,558752237.54,30147.68,0.10526041273191833,0.10425024696009588,0.2869979333878081,0.4142175434550422,0
2023-07-18,30244.13,29538.16,30147.68,18759.37,560798877.42,29863.79,0.1042788694477903,0.10205185812558026,0.27706656230192483,0.42286240789412133,1
2023-07-19,30193.82,29765.06,29863.79,14893.37,446435257.92,29918.6,0.10370237205799748,0.10048156636294747,0.26936354308323485,0.45467458336404726,0
2023-07-20,30417.9,29577.88,29918.6,19269.41,577250260.25,29809.61,0.10230853363401449,0.0987426273439379,0.26166796597288244,0.5075142705042731,1
2023-07-21,30060.04,29737.09,29809.61,13254.74,395907301.04,29911.46,0.10067822846858976,0.09774426194977615,0.2564165673262241,0.4604688989664381,0
2023-07-22,30000.3,29635.44,29911.46,6111.68,182484169.27,29791.61,0.09932501317516185,0.0964280097125112,0.2506682416317122,0.4528656146348881,1
2023-07-23,30345.9,29738.58,29791.61,8140.53,244328645.64,30085.68,0.09615608984268098,0.09657644826878342,0.24921087534093928,0.5088026845325936,0
2023-07-24,30097.78,28860.94,30085.68,25436.68,744538575.95,29181.04,0.09353439336147829,0.0929283169054731,0.23776759797863267,0.38359249965080233,1
2023-07-25,29367.59,29054.49,29181.04,12141.51,354541899.17,29226.63,0.0910910328793405,0.09013345297294606,0.22922509474592562,0.3606497082153519,1
2023-07-26,29682.98,29098.81,29226.63,16583.36,486510821.91,29352.06,0.08904822740673468,0.08836940547113992,0.2239427620384978,0.399280115631703,0
2023-07-27,29566.99,29082.04,29352.06,12727.55,373268935.18,29217.05,0.08692672886640918,0.08636351523628893,0.21837125372406183,0.1845376777665119,1
2023-07-28,29528.45,29121.24,29217.05,11707.43,342975082.63,29316.82,0.08567983584060723,0.0851380679746585,0.21525423150971434,0.30521252160217627,1
2023-07-29,29406.57,29258.14,29316.82,4989.17,146316009.97,29358.76,0.08440360388718215,0.0843101907923487,0.21345101639224853,0.3217360466951601,0
2023-07-30,29449.84,29043.43,29358.76,7661.41,224246250.77,29283.34,0.08320389934636885,0.08331856607847976,0.2113892436419273,0.31848995691331405,0
2023-07-31,29524.99,29108.82,29283.34,14553.25,426457343.16,29231.47,0.08165376901268506,0.08229109756126174,0.20941095148055103,0.32482813036504404,1
2023-08-01,29721.48,28564.09,29231.47,28319.33,822433494.24,29699.74,0.08144433876554102,0.0834016947489361,0.2133196343157005,0.48728726636856834,0
2023-08-02,30029.06,28914.46,29699.74,28507.89,838251477.68,29163.69,0.07934253628851484,0.0820766766981178,0.21059894239785146,0.3935274812253959,1
2023-08-03,29397.03,28945.61,29163.69,15427.08,450334651.17,29177.75,0.07933503628292982,0.08105115820418451,0.20884846090978493,0.41077223306694893,0
2023-08-04,29308.95,28794.51,29177.75,12900.38,375805085.38,29078.51,0.07899737645701299,0.07979857043893279,0.20661488598669758,0.37596948530443863,0
2023-08-05,29111.36,28953.98,29078.51,4135.0,120051247.27,29050.34,0.07830956439466052,0.07865634318868187,0.20482063021034405,0.3877757974206735,0
2023-08-06,29164.68,28962.89,29050.34,4361.16,126689336.09,29046.16,0.07791999723525622,0.0777043758088326,0.2036584814999781,0.3142805671041702,1
2023-08-07,29245.27,28672.37,29046.16,16388.65,475156597.17,29182.16,0.0776130213227667,0.07749219732073764,0.2045676798647227,0.5200501391239558,1
2023-08-08,30210.36,29111.88,29182.16,26561.94,786792606.34,29770.51,0.07855166183938356,0.07977021620697,0.21213260391690378,0.6373342571671844,0
2023-08-09,30120.86,29356.43,29770.51,17933.09,532770863.32,29566.47,0.07919709545072462,0.08078382729313849,0.21599158544442462,0.5646286746526368,0
2023-08-10,29707.55,29319.58,29566.47,12722.06,375142806.93,29428.1,0.07964534046537519,0.08103656589186659,0.21763522662156867,0.5638654572690782,0
2023-08-11,29535.4,29219.56,29428.1,10550.47,310027638.11,29403.56,0.07897015759175863,0.08114109529721825,0.21879355860124972,0.5384396983378696,1
2023-08-12,29471.12,29356.08,29403.56,3495.96,102819295.5,29417.08,0.0795477948000296,0.08128295639225902,0.219982792016898,0.5324619752612716,0
2023-08-13,29447.27,29257.12,29417.08,3928.8,115373186.78,29281.55,0.07978442111605832,0.08083427910938312,0.21952092944006757,0.5193564063526456,1
2023-08-14,29664.61,29082.39,29281.55,12333.02,362522208.47,29409.22,0.08053831985376414,0.0809991728131948,0.220705145473052,0.5564266562839448,0
2023-08-15,29460.86,29056.77,29409.22,10214.85,299026558.28,29171.23,0.08081390516537013,0.08014239566419168,0.21908879646805648,0.3996668900949355,0
2023-08-16,29228.22,28696.21,29171.23,16506.96,479152538.98,28702.8,0.08003116902017149,0.07748947622094071,0.2127275238248031,0.4118400340252358,0
2023-08-17,28752.02,25328.06,28702.8,50603.71,1394530695.43,26629.67,0.07421241848645155,0.06668029632324401,0.18483045914353904,0.21025316345654346,0
2023-08-18,26823.13,25629.62,26629.67,33853.32,888090076.41,26049.69,0.06573029970797395,0.05541967968642081,0.15702562297722927,0.18901803124786307,1
2023-08-19,26266.25,25797.39,26049.69,10190.62,265159375.46,26095.8,0.05781843211403004,0.04639858552101006,0.136590168573404,0.19834006686967243,1
2023-08-20,26291.33,25983.85,26095.8,7358.66,192271431.08,26191.01,0.0504390421202594,0.039414424703690276,0.12270874342557699,0.21495860245610354,0
2023-08-21,26248.2,25819.92,26191.01,16512.71,430024076.12,26126.18,0.04296780555353297,0.03342996855241698,0.11233615317950811,0.1886814374201341,0
2023-08-22,26137.6,25369.8,26126.18,19880.36,514473682.56,26043.01,0.03527615088953495,0.028187030892929066,0.10462638415117911,0.06841249333660217,1
2023-08-23,26807.82,25802.48,26043.01,25584.15,672652092.31,26429.4,0.028774284345591705,0.025507418781780422,0.10432584210459939,0.1553798485860417,0
2023-08-24,26565.88,25859.32,26429.4,17135.14,449180401.68,26166.22,0.021381421697411307,0.02221835346103218,0.10259163840917557,0.15116369465750257,0
2023-08-25,26291.13,25759.58,26166.22,18808.91,489263026.85,26051.29,0.014269091173031434,0.01904839354038612,0.10140679336081282,0.14825037217828735,0
2023-08-26,26109.19,25979.58,26051.29,3572.84,93024725.64,26010.35,0.008131282650955196,0.016284195423192704,0.10149077231834469,0.14440961722754675,1
2023-08-27,26168.79,25966.75,26010.35,4137.97,107924452.3,26091.32,0.0069040400957138814,0.014359975957471738,0.10392705808448746,0.164149406312184,1
2023-08-28,26233.53,25861.84,26091.32,11633.38,302943657.3,26106.0,0.0070324064527039765,0.012846785263571747,0.10743949009851955,0.14241219564699728,1
2023-08-29,28154.08,25911.89,26106.0,39870.36,1089036684.85,27724.41,0.010745045995551039,0.018352538391625206,0.1296349668294694,0.39293789677600005,0
2023-08-30,27766.41,27036.49,27724.41,19031.6,520197058.0,27305.41,0.013285473419273663,0.02111129740964357,0.1435001934674384,0.3962405921384068,0
2023-08-31,27563.68,25683.18,27305.41,27850.06,741278108.53,25937.29,0.012854872794662131,0.017667589185737853,0.1400991520524993,0.4502123652460859,0
2023-09-01,26137.14,25323.44,25937.29,24807.18,639696809.37,25798.79,0.012298139857277457,0.014272888464862188,0.13691816273643212,0.4921940473476314,1
2023-09-02,25980.31,25729.66,25798.79,7017.96,181289556.36,25868.56,0.011019628266896508,0.011786133498430718,0.13626782551571653,0.4949154403632838,1
2023-09-03,26115.72,25805.82,25868.56,6190.05,160541183.85,25971.37,0.010575441006027586,0.010179918955661615,0.1379759661524268,0.4957838647983513,0
2023-09-04,26089.36,25636.28,25971.37,8832.41,228454428.06,25816.24,0.010039612339528992,0.008219325934515909,0.1386366857242231,0.4865644902120066,0
2023-09-05,25878.61,25567.56,25816.24,10888.31,280146729.52,25785.01,0.009525918947872802,0.006485070818659566,0.1398506040910532,0.4918250738894816,0
2023-09-06,26019.64,25379.85,25785.01,15183.61,390027105.24,25751.71,0.008751731441258959,0.0049273756947557645,0.14146102812147682,0.44060385428895593,1
2023-09-07,26426.41,25600.8,25751.71,18952.45,491838528.79,26264.75,0.009113623808017723,0.005790705041352151,0.1494548806814887,0.5306311086568373,0
2023-09-08,26443.61,25650.9,26264.75,18556.34,482397556.59,25907.13,0.004970885160689553,0.005006884139504786,0.15265193451952241,0.5045810747215186,0
2023-09-09,25936.62,25799.89,25907.13,4094.4,105931726.4,25898.41,0.001763435963652915,0.004329240407383361,0.1559442547459608,0.5078913188987277,0
2023-09-10,26020.84,25589.02,25898.41,8434.22,217583144.54,25833.67,0.00152721998227634,0.0035050368959209655,0.1586491292537626,0.49238118525513014,0
2023-09-11,25889.38,24911.78,25833.67,24481.75,619642052.88,25157.07,6.433135489725128e-05,1.1336598201405756e-05,0.15404132060684683,0.43098527800013287,1
2023-09-12,26545.24,25128.37,25157.07,36111.44,937711286.48,25840.34,0.0,0.0,0.15891786248118772,0.3078694709545703,1
2023-09-13,26432.59,25768.65,25840.34,18955.32,495397769.94,26227.49,0.0005838606171606475,0.0016039556319877857,0.1678681571417098,0.39768173033639764,1
2023-09-14,26845.74,26136.39,26227.49,24488.8,649517751.61,26533.66,0.0022193177621060434,0.004192075152742336,0.17900529719493047,0.6075920435961264,1
2023-09-15,26879.57,26224.91,26533.66,17339.0,459310066.65,26605.49,0.004089714291732549,0.006608938826977773,0.18911620901433043,0.6408659484666699,0
2023-09-16,26771.68,26459.99,26605.49,7062.9,187703875.45,26569.13,0.005953135132273912,0.00843486278418426,0.19710166471677182,0.625955427637829,0
2023-09-17,26621.93,26413.39,26569.13,5698.34,151125765.17,26533.12,0.0065649213021450326,0.009778749038465318,0.20333477681810272,0.6066006878422785,1
2023-09-18,27425.7,26394.81,26533.12,29536.95,797114111.3,26767.82,0.008526982033770891,0.011856273282436658,0.21114207523789075,0.6634772591697694,1
2023-09-19,27493.85,26676.6,26767.82,24703.82,670630172.73,27219.02,0.011537493394182086,0.015436189417864399,0.2225074904937702,0.7127869554565824,0
2023-09-20,27389.22,26814.07,27219.02,21439.58,581302466.15,27126.4,0.01448444847626118,0.01797926967756336,0.23046805077376495,0.7020006803011156,0
2023-09-21,27162.0,26373.55,27126.4,20948.1,559336631.68,26567.47,0.01769964843894789,0.017730943631546703,0.2304713947250271,0.5594090727039317,1
2023-09-22,26738.04,26478.87,26567.47,15354.82,408613785.26,26583.16,0.019393008362574737,0.017593147072806015,0.2306468355018948,0.6166907159159178,1
2023-09-23,26640.84,26522.49,26583.16,5251.29,139605320.21,26585.41,0.02020893602185203,0.01748978005005397,0.2308052684900552,0.6184402036849519,0
2023-09-24,26732.91,26146.79,26585.41,9848.35,260953441.64,26261.44,0.01958837324970042,0.01605524330431396,0.22731155373936834,0.5770864269386438,1
2023-09-25,26439.02,25997.17,26261.44,19804.27,518905094.49,26297.93,0.01888724810752529,0.015033583081783264,0.22501504187298232,0.7029358338371751,0
2023-09-26,26395.42,26090.75,26297.93,12902.09,338286231.16,26212.59,0.018074466347246965,0.013842072557565088,0.22232440151570934,0.5930581090119457,1
2023-09-27,26828.5,26096.78,26212.59,24188.11,638562791.04,26360.2,0.017680271524822322,0.013482282403760482,0.22195278619614645,0.5484865993445045,1
2023-09-28,27306.05,26328.53,26360.2,30832.51,827813877.45,27027.2,0.018271563758459397,0.015967257982520966,0.2291929693763844,0.6126761769953195,0
2023-09-29,27233.94,26674.22,27027.2,21721.72,585322764.87,26909.4,0.017565742564154885,0.017509554223938073,0.23356459136184698,0.576029245221023,1
2023-09-30,27095.39,26887.09,26909.4,7260.78,195916128.74,26964.27,0.017196145024484966,0.0190000729944102,0.2375640387405695,0.5924477276139754,1
2023-10-01,28060.49,26958.76,26964.27,16861.15,464200302.08,27994.51,0.020449278146118965,0.02451253717521007,0.2521006896003493,0.718636703699725,0
2023-10-02,28585.13,27312.81,27994.51,42701.42,1198411956.48,27507.22,0.02255579947164399,0.026992226685009446,0.2578084276941628,0.6141282774603234,0
2023-10-03,27669.05,27170.07,27507.22,22621.25,620603083.21,27428.66,0.02447810333475775,0.02869370870774879,0.261090799564715,0.549196053148769,1
2023-10-04,27836.54,27222.97,27428.66,18061.23,497243557.18,27789.8,0.027962209272769933,0.03159067926975756,0.2673377519634129,0.606648895450218,0
2023-10-05,28128.37,27363.01,27789.8,25127.82,696054430.54,27414.59,0.030507788676012892,0.03239745015094653,0.267626646899349,0.63610699334794,1
2023-10-06,28280.04,27181.63,27414.59,25278.57,701648471.47,27946.61,0.03446072475038786,0.03527443112409023,0.27335893604084505,0.6845444391422308,1
2023-10-07,28035.05,27864.11,27946.61,7351.08,205394649.0,27973.69,0.03813889618246069,0.037741165397426446,0.27766110649961045,0.6865822871465627,0
2023-10-08,28105.36,27714.35,27973.69,8547.03,238690010.87,27933.57,0.040205090730234816,0.03959222487564418,0.28004457522493514,0.7348122983094235,0
2023-10-09,27999.8,27282.89,27933.57,21887.87,603964078.09,27598.77,0.041776604058565425,0.03971163639190933,0.27761224704421783,0.675552665321543,0
2023-10-10,27735.72,27298.5,27598.77,18600.95,511109469.33,27395.4,0.0427594239393887,0.03896190602554006,0.27289988659668196,0.6576631626868984,0
2023-10-11,27475.69,26531.55,27395.4,30496.51,821395574.15,26871.21,0.040198707746758156,0.036164221708959055,0.262878065590626,0.5746831508458902,0
2023-10-12,26937.98,26549.78,26871.21,16400.37,438531983.5,26756.23,0.0384867231892011,0.033396092444695546,0.25337288967737454,0.4868452212079153,1
2023-10-13,27110.91,26674.97,26756.23,18507.04,496779424.55,26862.9,0.03719699578499691,0.03157574695782539,0.24685198301098238,0.5140781596552788,0
2023-10-14,26982.78,26810.02,26862.9,5865.21,157685357.78,26854.52,0.035064896932825995,0.03005145441592383,0.24146080234116854,0.50623344123672,1
2023-10-15,27297.26,26813.06,26854.52,10978.68,297110024.59,27177.41,0.03452421263961125,0.030149769403890136,0.2407094919313995,0.39897714971890746,1
2023-10-16,30009.15,27131.48,27177.41,66720.48,1884462991.7,28518.37,0.03582761786555133,0.035817909527594116,0.2549524014970459,0.6399863005958352,0
2023-10-17,28628.83,28094.14,28518.37,26038.83,739741149.31,28409.46,0.03682101526185022,0.040001657225375964,0.264616049586463,0.6355725718825604,0
2023-10-18,28988.79,28156.7,28409.46,23999.55,682875511.71,28328.07,0.03772033204097691,0.04308557623291487,0.270888649817977,0.5876240393456033,1
2023-10-19,28927.17,28135.5,28328.07,25550.36,730081363.3,28733.78,0.0403077427823616,0.04729935214058889,0.2798636269112388,0.6848914518620234,1
2023-10-20,30243.12,28596.96,28733.78,42016.08,1241026952.55,29684.37,0.045525763385447005,0.05470803898317678,0.2969284227505993,0.7173677338645604,1
2023-10-21,30365.61,29480.22,29684.37,15637.83,467626116.49,29924.08,0.052485198659190546,0.06176854917151031,0.31221134515823984,0.7316881036591144,1
2023-10-22,30232.64,29674.58,29924.08,13845.91,414432274.92,30001.44,0.05988309930504365,0.06786768475495764,0.3241140132202417,0.7427185372924532,1
2023-10-23,34739.17,29898.26,30001.44,73249.41,2308556876.22,33084.08,0.07406513114272695,0.08570306418581031,0.366738467948487,0.896457041634989,1
2023-10-24,35183.22,32857.8,33084.08,75112.67,2559949343.79,33923.52,0.09017988478441263,0.10379354392439255,0.40793757993019664,0.9333139213497719,1
2023-10-25,35136.87,33698.9,33923.52,43002.87,1481128342.82,34503.4,0.10688048232741088,0.12101117100970427,0.4446566381436323,1.0,0
2023-10-26,34836.51,33746.16,34503.4,36463.09,1248469956.72,34157.06,0.11973464843461668,0.1336551422561102,0.4671208327776787,0.9727519088149972,0
2023-10-27,34246.78,33406.13,34157.06,30792.41,1044635721.14,33907.7,0.1322686395313577,0.14296114134618554,0.47924191190815063,0.9438318879297805,1
2023-10-28,34494.4,33876.07,33907.7,10888.97,371696781.35,34090.05,0.1454038620788638,0.15133498220938524,0.487934400465807,0.9467100815855799,1
2023-10-29,34761.09,33947.8,34090.05,13639.48,469534963.71,34535.38,0.1586294038425652,0.16004197018320498,0.49677356781103854,0.9479819894626857,0
2023-10-30,34862.12,34090.22,34535.38,23948.89,825552244.82,34494.56,0.1695948907317576,0.16699577492162132,0.5002068513413928,0.9268301836769051,1
2023-10-31,34726.05,34058.4,34494.56,21982.74,756326173.72,34657.73,0.18038589420834072,0.17336517121388373,0.5016399084982888,0.9423585390330641,1
2023-11-01,35623.76,34096.9,34657.73,34274.26,1190955576.06,35439.76,0.19278328945868062,0.18183516796442334,0.5083891572648526,0.9605638131950787,0
2023-11-02,35973.2,34323.19,35439.76,31205.25,1097011932.14,34947.15,0.19703041268222232,0.18671248872578528,0.5050156755830438,0.9009296845083635,0
2023-11-03,34950.21,34118.29,34947.15,27811.97,960199464.71,34732.28,0.1988740918667249,0.18980767338008975,0.49684623893896046,0.858881333092228,1
2023-11-04,35278.07,34606.38,34732.28,10840.41,377653497.47,35086.09,0.20020241352459367,0.19381440242103054,0.4913525830644192,0.8615062600054498,0
2023-11-05,35393.84,34489.02,35086.09,15210.52,533016306.01,35039.47,0.20221398797090295,0.19689837250467968,0.48355356027028934,0.8546090611721366,1
2023-11-06,35288.36,34758.64,35039.47,17520.44,613732584.95,35054.59,0.20482848079932459,0.19948462489592067,0.47472555349267637,0.7352679706167015,1
2023-11-07,35929.83,34537.87,35054.59,28810.78,1012278827.62,35421.85,0.20786450129727296,0.2031310001628156,0.46911796509881915,0.7017037735580278,1
2023-11-08,36109.43,35120.46,35421.85,26404.64,937630450.49,35638.33,0.2103788268778498,0.20701645739681052,0.4644163589424884,0.6703604067963229,1
2023-11-09,37990.51,35557.78,35638.33,62530.57,2296501186.4,36704.14,0.21541586710300142,0.21463663475917882,0.46994730230902604,0.8053101272435285,1
2023-11-10,37536.44,36342.27,36704.14,32545.3,1206040827.09,37321.51,0.22148831843355044,0.22344386941029504,0.47843252555978,0.8743354012167532,0
2023-11-11,37417.29,36701.83,37321.51,14920.5,553215494.09,37142.22,0.22536930916559494,0.22990269790067186,0.4802537192924852,0.8369652620562372,0
2023-11-12,37233.45,36747.05,37142.22,9320.87,345567975.97,37079.76,0.23023088573424622,0.23492692683205108,0.47813558711616444,0.8061144578182683,0
2023-11-13,37429.52,36358.0,37079.76,24368.53,897671274.64,36482.51,0.23422077472367742,0.2365489543558712,0.46699286899586534,0.7194246116089741,0
2023-11-14,36752.31,34788.17,36482.51,33896.65,1219819360.84,35551.21,0.2352810794646335,0.23399539605845443,0.4451822753947998,0.5978849479125106,1
2023-11-15,37977.31,35374.22,35551.21,39005.98,1436101057.95,37884.19,0.24176600830599415,0.241627510031593,0.45165557376584126,0.689285267563385,0
2023-11-16,37951.14,35512.38,37884.19,38917.77,1428319260.74,36162.42,0.24429145851491596,0.240697453703126,0.4350085600394593,0.5921511243436698,1
2023-11-17,36780.63,35873.7,36162.42,28253.69,1027029255.11,36626.32,0.24703721283926183,0.2418695422423408,0.42480502083624694,0.6294639372771597,0
2023-11-18,36853.45,36212.85,36626.32,8649.03,316037508.01,36591.19,0.2492093877091185,0.24268213915321413,0.41420239695572425,0.6101430084069993,1
2023-11-19,37529.1,36411.61,36591.19,11668.93,430198062.65,37388.64,0.2507697992054735,0.2466699179057622,0.41269033708960645,0.6495764810133652,1
2023-11-20,37770.11,36767.05,37388.64,31117.45,1162294169.25,37476.66,0.251123484879191,0.250299420082463,0.41040833154096085,0.6525758657791396,0
2023-11-21,37665.29,35753.93,37476.66,42793.3,1579350547.76,35758.72,0.24796960715061922,0.24611045893918337,0.38741450381467746,0.5359081696049031,1
2023-11-22,37866.63,35656.41,35758.72,36262.61,1335151412.8,37424.2,0.2487548053037304,0.2496230832271994,0.3861771515068829,0.595346014070573,0
2023-11-23,37646.06,36892.34,37424.2,16793.76,626668140.1,37299.18,0.2506165164165548,0.2519760976473002,0.3820373406408397,0.5470205133900322,1
2023-11-24,38432.07,37262.39,37299.18,34951.5,1322597274.57,37737.05,0.2555994380603719,0.25572586951851084,0.38194634492450347,0.5390968279475801,1
2023-11-25,37907.84,37616.03,37737.05,8271.55,312424824.64,37801.92,0.2554118923280051,0.25906417411877114,0.3808699689499505,0.5507904279196326,0
2023-11-26,37829.46,37159.52,37801.92,12751.26,478214999.45,37460.21,0.2583703823730812,0.26037162899393174,0.37450088951261945,0.5372039568656106,0
2023-11-27,37568.17,36727.3,37460.21,24674.21,914744666.52,37246.29,0.25978368889666814,0.2605499728803129,0.36548241408110504,0.5560317537732093,1
2023-11-28,38410.41,36879.99,37246.29,33506.06,1265755538.49,37836.63,0.2626228399470997,0.26315580228461155,0.36345764643336376,0.6318337315979039,1
2023-11-29,38456.97,37589.12,37836.63,27433.75,1041457987.13,37861.9,0.2637017009328776,0.26539314311196793,0.3606354051803352,0.5183396660551799,0
2023-11-30,38149.78,37505.7,37861.9,16874.61,637264648.28,37729.58,0.26427826671177923,0.26667232512557826,0.35546355875627766,0.6413200313221966,1
2023-12-01,38982.35,37626.12,37729.58,32942.59,1268612412.23,38699.84,0.27098295255569416,0.27176194432074086,0.36080242351482866,0.669299602095529,1
2023-12-02,39712.52,38659.45,38699.84,17299.38,677167721.21,39469.35,0.2756451520761771,0.27913268062353214,0.37207717842971344,0.7081367188455178,1
2023-12-03,40203.23,39288.91,39469.35,16087.63,638707315.07,39980.93,0.28175856848282466,0.2872950064951433,0.38499841842775484,0.695761722006717,1
2023-12-04,42399.42,39980.36,39980.93,48574.89,2012390115.57,41984.41,0.2914410073040936,0.3023216551528056,0.4156955375930231,0.7645598445953318,1
2023-12-05,44639.18,41368.51,41984.41,52083.86,2234743414.43,44089.06,0.3057734039953919,0.32338613728269683,0.4610977442066039,0.9545974367415482,0
2023-12-06,44286.67,43386.17,44089.06,39080.76,1715623988.73,43771.01,0.32015973689706856,0.33929541813166875,0.49049301667013284,0.902909802535329,0
2023-12-07,44050.53,42856.57,43771.01,30381.14,1320509439.92,43285.02,0.33392584897213684,0.3502870110290398,0.5051398969515066,0.8665742516077534,1
2023-12-08,44735.52,43094.02,43285.02,29502.75,1292562850.41,44186.18,0.3484005178058567,0.36303521262861116,0.5235301470495562,0.8750659416349204,0
2023-12-09,44373.02,43597.57,44186.18,15066.31,662982186.27,43723.0,0.3617616979684378,0.3715355158720349,0.5294326753059191,0.8327548371724658,1
2023-12-10,44047.82,43584.51,43723.0,11497.59,503801762.3,43791.67,0.3755810623627972,0.37877645324179876,0.5314136904064669,0.8640107725926638,0
2023-12-11,43808.9,40180.77,43791.67,58689.61,2446801856.72,41235.58,0.3813616289775049,0.37404978149643864,0.5010363483388419,0.693963160403029,1
2023-12-12,42080.61,40648.18,41235.58,31480.37,1305859570.88,41472.94,0.38592908678609805,0.37117156962072484,0.47679728825415635,0.6834017469413123,1
2023-12-13,43461.75,40579.83,41472.94,36203.68,1517574126.2,42887.55,0.39255512515503244,0.37471126475409355,0.4707687771757634,0.7216416658040959,1
2023-12-14,43416.91,41433.23,42887.55,34166.34,1460749070.58,43030.6,0.3949400585419891,0.37820345979853764,0.46489990673762316,0.7325281007027239,0
2023-12-15,43091.28,41662.1,43030.6,25157.34,1065004798.33,41939.16,0.39003906705036917,0.3765127447051856,0.4454597004223134,0.6485627180460758,1
2023-12-16,42678.86,41640.84,41939.16,13495.73,570286280.98,42243.26,0.3865563516909002,0.37639659897465094,0.43116705572134073,0.6341273911872575,0
2023-12-17,42372.05,41228.17,42243.26,18460.88,772939037.53,41349.42,0.3821438863989428,0.37257699251634346,0.4077144827229624,0.5745096740664375,1
2023-12-18,42744.41,40512.69,41349.42,32860.71,1362661202.35,42650.27,0.3786425692019133,0.374872424562535,0.40182112682491955,0.5479121564980737,0
2023-12-19,43454.44,41796.54,42650.27,30940.15,1318306822.38,42268.08,0.3753258798019471,0.3751579423221687,0.39098799032224774,0.43011809193388195,1
2023-12-20,44303.12,42195.52,42268.08,41481.09,1805958609.9,43669.91,0.3750483112061893,0.3812328900207056,0.3962980956240196,0.515224823869922,1
2023-12-21,44245.16,43306.15,43669.91,29872.95,1306652594.38,43875.01,0.3810652533768605,0.38705794127904913,0.40085321887164177,0.5467220479207977,1
2023-12-22,44417.78,43426.51,43875.01,24740.39,1084076406.5,44008.04,0.3868443610239163,0.39237822040879555,0.4039614154473325,0.5109989762409926,0
2023-12-23,44024.62,43338.34,44008.04,10973.31,479555333.8,43732.75,0.38877111017909427,0.39558405899882587,0.40134821147760824,0.5202242521391154,0
2023-12-24,43965.2,42635.13,43732.75,14281.15,621424795.87,43023.12,0.3887540584946637,0.3952500318289798,0.3894397651378668,0.48358335413558123,1
2023-12-25,43808.21,42763.83,43023.12,14747.02,639501515.36,43593.79,0.392526014191105,0.3973546848304659,0.38465845677996013,0.6549741519611697,0
2023-12-26,43604.51,41616.59,43593.79,30529.57,1297798884.96,42517.32,0.39315077149525546,0.39459108716550395,0.36715166157891743,0.5745543345385987,1
2023-12-27,43694.83,42121.77,42517.32,27420.29,1178861473.09,43469.34,0.3979834194709355,0.3962969725372726,0.36248983771168486,0.5517705767758249,0
2023-12-28,43817.61,42283.91,43469.34,29112.04,1249335317.05,42588.94,0.3978436093364264,0.3940241224799049,0.3475152681295119,0.49718154933409925,0
2023-12-29,43134.59,41296.86,42588.94,34268.41,1450476730.93,42073.59,0.39740024274486163,0.3900170850796181,0.328701493939412,0.5270147105030343,1
2023-12-30,42595.81,41529.95,42073.59,21511.57,905852574.49,42146.03,0.3939263495804123,0.38704045310673174,0.31364745106396613,0.5143436585189031,1
2023-12-31,42863.11,41970.37,42146.03,21509.24,912867128.16,42280.14,0.39029062498845934,0.3851638553430746,0.30239817965958127,0.5759237326873268,1
2024-01-01,44210.89,42187.32,42280.14,19499.59,839894208.67,44197.61,0.39072277576620085,0.3916184406522979,0.3141406788060634,0.6069051757799568,1
2024-01-02,45918.98,44181.86,44197.61,57443.36,2596745174.99,44970.34,0.3935440316665283,0.40011938496059074,0.3310001836484849,0.665784204329326,0
2024-01-03,45513.73,40214.67,44970.34,82056.19,3533041051.83,42854.08,0.3931586818354925,0.39825637344134346,0.3194673441387331,0.4786940259760976,1
2024-01-04,44797.03,42657.44,42854.08,49538.94,2167748750.23,44194.38,0.39452780899487294,0.4023170416965699,0.3243583030441207,0.5342137169211675,0
2024-01-05,44377.15,42508.08,44194.38,54169.3,2368276569.22,44178.89,0.39831558537178846,0.40557486072368143,0.3269455106099105,0.5275618269308536,0
2024-01-06,44248.4,43444.9,44178.89,16352.13,717065469.35,43988.33,0.3994986941555626,0.4074462968290644,0.3257464507379499,0.5315302848890965,0
2024-01-07,44496.47,43639.57,43988.33,20056.41,884154712.5,43950.84,0.40260333172588525,0.40882125322348906,0.3233011793804149,0.565260539887827,1
2024-01-08,47295.94,43209.8,43950.84,66057.64,3000303504.99,46988.14,0.4138067215278016,0.42260246605191376,0.3541881397875276,0.654835966857744,0
2024-01-09,47923.17,44889.64,46988.14,66281.93,3083632967.78,46123.0,0.42287276931254847,0.43027301688083186,0.3673299213450314,0.665607807642799,1
2024-01-10,47705.84,44326.32,46123.0,80226.64,3677964834.63,46667.48,0.432874311714913,0.4388177378903514,0.38213483241861973,0.6533592875227725,0
2024-01-11,49054.05,45580.11,46667.48,77548.89,3638877778.74,46353.15,0.4377881603589644,0.444499078841469,0.3884992011982902,0.6845083715622061,0
2024-01-12,46512.17,41454.57,46353.15,87031.78,3855256978.62,42776.42,0.4327868192485431,0.43424342746872513,0.351805680836831,0.544196078852272,1
2024-01-13,43243.47,42438.36,42776.42,23024.72,986309535.03,42839.19,0.4327528754542691,0.42611399883970436,0.32237218370284826,0.543875188207767,0
2024-01-14,43060.49,41702.53,42839.19,21730.6,924871801.97,41704.39,0.42707660223029653,0.4147340040171065,0.28561049123470883,0.5009478459720178,1
2024-01-15,43325.88,41687.69,41704.39,24561.1,1046074902.52,42491.26,0.4232294185143086,0.4087019396658885,0.26495091333069837,0.45979555352939044,1
2024-01-16,43562.19,42047.82,42491.26,36429.24,1565259395.93,43130.88,0.42127474380642016,0.40643187279656645,0.25550070318026846,0.4545329458586861,0
2024-01-17,43183.19,42172.64,43130.88,32911.24,1403011843.2,42739.27,0.41851280405968705,0.4029427297727003,0.24344330342195805,0.5151250889308879,0
2024-01-18,42876.35,40606.86,42739.27,45180.42,1885882508.36,41286.68,0.4055155451407557,0.39403512022883036,0.21765180565241352,0.4039315416790322,1
2024-01-19,42151.57,40246.58,41286.68,45191.13,1864062474.18,41625.47,0.39526280954221393,0.38815879384251817,0.20136593704284453,0.42050009314733283,1
2024-01-20,41846.45,41433.27,41625.47,13096.14,544668570.57,41677.08,0.3838865092771878,0.3835659462368656,0.18951133138182913,0.42896878560521023,0
2024-01-21,41862.83,41493.59,41677.08,9176.94,382561229.54,41570.17,0.3729830513095671,0.3793626742189835,0.17949627340337815,0.4267303595387307,0
2024-01-22,41669.9,39396.81,41570.17,56109.4,2270442343.15,39523.63,0.36556787101558796,0.36739582298194196,0.14941171121890928,0.20465160093941473,1
2024-01-23,40136.09,38512.34,39523.63,46007.49,1805745649.27,39876.44,0.3588138766243155,0.3590749011712404,0.13069630405875404,0.24461497708055097,1
2024-01-24,40526.25,39429.31,39876.44,37009.85,1476062916.95,40078.62,0.3551077112504233,0.35310934627382673,0.11942226615748627,0.2208694122414333,0
2024-01-25,40280.91,39523.94,40078.62,29183.88,1164224625.52,39941.74,0.34929573123846247,0.34765806690012124,0.11032667010993556,0.22434377486597035,1
2024-01-26,42227.71,39814.87,39941.74,42739.48,1763833855.75,41816.55,0.3462995359981348,0.3510101510267277,0.12546975578880998,0.4676555824126852,1
2024-01-27,42191.83,41393.22,41816.55,10632.46,444567824.09,42124.02,0.3448969893609798,0.35503397452032825,0.14195646396322753,0.4818994139519799,0
2024-01-28,42822.8,41632.18,42124.02,16615.66,702267432.76,42028.92,0.34658902709517214,0.3579299176968993,0.1548197441953006,0.5389398054784025,1
2024-01-29,43308.42,41804.05,42028.92,27783.74,1184671101.99,43302.28,0.3504115451392966,0.36560534115796905,0.1799544859922557,0.5652071046409911,0
2024-01-30,43855.77,42690.4,43302.28,34500.06,1498626265.1,42943.64,0.35329884212223817,0.37039080152497517,0.19622206565542144,0.5089116298287151,0
2024-01-31,43734.38,42276.82,42943.64,39491.24,1695950546.73,42555.08,0.3555440793565332,0.37268707177221005,0.2050234758083301,0.5090843582160824,1
2024-02-01,43267.39,41855.88,42555.08,29018.49,1234469121.23,43073.2,0.36363581030630254,0.3767248135713235,0.21798357024481163,0.6350560922739202,1
2024-02-02,43452.76,42536.21,43073.2,26779.09,1152442855.72,43181.71,0.37117062594773065,0.38048057521599377,0.22948747005930836,0.6231492309706977,0
2024-02-03,43355.76,42874.37,43181.71,7556.6,325725942.96,42999.52,0.37782921753239607,0.3827942962098908,0.23647837245386508,0.6061702625052268,0
2024-02-04,43093.79,42232.02,42999.52,9589.32,410404369.06,42570.21,0.38382117488202994,0.3828984314157108,0.23709864875082473,0.5825519453866064,1
2024-02-05,43518.7,41931.59,42570.21,24867.17,1062866796.14,42664.56,0.38575432981705415,0.38337678378780526,0.2385588948106196,0.7779442035201312,1
2024-02-06,43360.05,42526.92,42664.56,22482.95,966265875.57,43091.51,0.38795985577557657,0.38554723826539206,0.2443687433314275,0.7809755617291924,1
2024-02-07,44402.0,42766.8,43091.51,30331.77,1319628672.43,44339.04,0.39322609070028025,0.39252144798947797,0.2626688128784326,0.8172870447711366,1
2024-02-08,45622.13,44333.87,44339.04,39654.68,1785332802.43,45304.61,0.39779067616630903,0.40225109236025514,0.2874025567035731,0.8567537231436925,1
2024-02-09,48208.27,45257.22,45304.61,50590.41,2379925849.32,47154.23,0.4073892927367073,0.41791896704556974,0.3267513095638757,0.856195495737908,1
2024-02-10,48166.14,46894.61,47154.23,16452.46,780554926.36,47768.12,0.41927313137360867,0.4332961803714678,0.3633250323522373,0.8627626592299418,1
2024-02-11,48597.46,47592.04,47768.12,19858.95,956986637.1,48311.16,0.4312137785634522,0.44814035212050085,0.39651788718361025,0.8825423873565628,1
2024-02-12,50339.2,47718.59,48311.16,47112.86,2319184140.26,49942.97,0.44662699672831074,0.4670852387960239,0.43882231192783006,0.8885534842189826,0
2024-02-13,50392.92,48336.83,49942.97,42027.05,2075339722.8,49733.11,0.4619771373385979,0.4817111264794808,0.46725060547544706,0.9029084128056085,1
2024-02-14,52085.66,49272.58,49733.11,43948.58,2252886326.88,51844.19,0.48311844487543776,0.5024745066945201,0.5103594078976594,0.9613740529130433,1
2024-02-15,52845.45,51357.81,51844.19,42990.13,2239765884.49,51934.57,0.5042507022535625,0.5198393349565728,0.5419500411153284,0.958193694751336,1
2024-02-16,52598.05,51604.88,51934.57,32295.2,1680749372.19,52163.28,0.5249310444015378,0.5349999426876063,0.5656986975167169,0.9591132833685736,0
2024-02-17,52201.89,50647.34,52163.28,17696.94,910308869.83,51668.78,0.5416401905831207,0.5453435241881134,0.5749696683228241,0.9317244541594194,1
2024-02-18,52393.59,51194.3,51668.78,14716.3,762533081.81,52139.33,0.557220870878764,0.5557672083783604,0.583551384623856,0.9727799351038381,0
2024-02-19,52487.6,51691.25,52139.33,18980.36,989270690.85,51781.22,0.5677687282776243,0.5628034541840893,0.5822565837656906,0.9412315013316248,1
2024-02-20,52985.95,50766.77,51781.22,39504.32,2050493239.79,52269.59,0.5780304456457726,0.5705953913226885,0.5826759067107732,0.9417653495345305,0
2024-02-21,52375.42,50633.49,52269.59,32665.42,1676374071.14,51854.36,0.5861076553081324,0.5752403738969937,0.5743592161040101,0.8927768783492622,0
2024-02-22,52056.01,50914.97,51854.36,30501.44,1573393306.75,51263.67,0.5891183718358697,0.5765794440767945,0.5573366492327085,0.826511824182824,0
2024-02-23,51509.58,50523.07,51263.67,26365.93,1345274652.99,50744.07,0.5914229936128677,0.5755099046459821,0.5344798087886125,0.7325838256908964,1
2024-02-24,51687.88,50583.66,50744.07,10707.22,548313000.54,51574.61,0.5908084490822798,0.5780956377269307,0.5223651036659831,0.7399857882571218,1
2024-02-25,51957.87,51288.57,51574.61,12394.68,640224439.02,51727.63,0.5903367010106131,0.5808488627620451,0.5112510104884251,0.7263916837642949,1
2024-02-26,54939.87,50920.53,51727.63,47961.27,2550669499.35,54518.58,0.5957059299329872,0.5947312241305335,0.5304577317132889,0.7636068497911264,1
2024-02-27,57612.94,54483.19,54518.58,62683.92,3546751167.69,57071.6,0.6080223980713908,0.616727802336093,0.5705485222746598,0.8350880013635381,1
2024-02-28,64086.08,56726.31,57071.6,102181.72,6171823618.31,62507.1,0.6316571497142909,0.6573744079976575,0.6586812838093214,0.8791543946814547,0
2024-02-29,63652.76,60370.98,62507.1,84709.08,5259277822.5,61179.58,0.6530819984957132,0.6850990248135339,0.7080486960961516,0.8082152256391868,1
2024-03-01,63226.77,60795.21,61179.58,52747.33,3267402863.37,62431.25,0.6762468941656203,0.7129984366755154,0.755237116751672,0.8215963882154366,0
2024-03-02,62479.07,61631.05,62431.25,20264.53,1257238241.46,62038.39,0.6994627853142323,0.7341882039379485,0.781845774562292,0.8263471456780875,1
2024-03-03,63254.84,61392.4,62038.39,20301.48,1265273119.48,63149.43,0.7265580030599113,0.7561549238624438,0.8087943902034713,0.8338400189076379,1
2024-03-04,68562.03,62363.97,63149.43,79177.16,5220774005.79,68338.64,0.7666672350561476,0.7957508242354329,0.8811696434603937,0.8930909594278528,0
2024-03-05,69244.55,59268.68,68338.64,126873.13,8263897912.84,63804.11,0.7945460552090684,0.8092523531029733,0.8799010909432445,0.7409898568460804,1
2024-03-06,67645.97,62851.27,63804.11,68031.77,4498440968.53,66115.57,0.8273453349532132,0.8299307749233581,0.8972745946329033,0.775400397713788,1
2024-03-07,68065.89,65610.94,66115.57,41800.64,2804368120.13,66928.15,0.8556346493327938,0.8502354562304396,0.9123447408820786,0.7984240940485607,1
2024-03-08,70151.23,66173.73,66928.15,59361.92,4046244830.74,68269.39,0.8811615452418802,0.8724372446313168,0.9313325373599572,0.8230009019608561,1
2024-03-09,68663.92,68026.81,68269.39,16947.1,1158711168.05,68446.32,0.8947008106434611,0.8913396010219846,0.9401924753333601,0.8181853108246844,1
2024-03-10,69976.84,68218.19,68446.32,27686.99,1919585405.6,69023.53,0.9125821689441684,0.9092103650913942,0.9454792232497637,0.8213346641566023,1
2024-03-11,72872.77,67170.42,69023.53,62709.74,4476609937.75,72095.86,0.9346139710651153,0.9366341157628725,0.975724233861639,0.8233747491661991,0
2024-03-12,72996.99,68636.43,72095.86,58546.01,4173072731.62,71449.5,0.9560678852177262,0.9563783862604333,0.9837192025798851,0.7849117590605879,1
2024-03-13,73672.14,71329.7,71449.5,41314.41,3008299520.61,73118.09,0.9787928109551327,0.9794857047124016,1.0,0.7456337166585597,0
2024-03-14,73802.64,68493.91,73118.09,60699.01,4325873413.25,71366.96,0.9856962811416075,0.9910948379468704,0.9844606511809599,0.7329165560388696,0
2024-03-15,72394.97,65579.78,71366.96,73358.94,5016358153.02,69497.39,0.9986748926302393,0.9928028326565964,0.9428475909278944,0.6640127778229412,0
2024-03-16,70043.23,64783.87,69497.39,33956.52,2295869354.32,65260.55,0.9967257574401536,0.9765456225111698,0.8548880095097926,0.5768954668106334,1
2024-03-17,68873.88,64529.3,65260.55,29362.49,1962751757.05,68364.45,1.0,0.9761780355015764,0.8134611306820434,0.6063553662915461,0
2024-03-18,68925.18,66584.49,68364.45,38542.52,2602930945.01,67609.44,0.9984955535909139,0.9727312007157342,0.7659407262339817,0.5056262075037408,0
2024-03-19,68116.53,61529.15,67609.44,75848.91,4863914201.82,61924.02,0.9836270774730518,0.9462202560720697,0.6592187411526793,0.4848497042422753,1
2024-03-20,68139.33,60782.8,61924.02,69671.19,4466872469.25,67857.3,0.9809684964659018,0.9492531081559464,0.6368664958056265,0.5483567264960618,0
2024-03-21,68229.38,64548.09,67857.3,38234.75,2542747734.72,65493.22,0.9659168743149975,0.9418835517936263,0.5883636058317849,0.4972616319043061,0
2024-03-22,66643.64,62321.3,65493.22,37343.35,2395884490.04,63816.99,0.9485175224522584,0.9288691640265744,0.5275938776789144,0.45069516410943433,1
2024-03-23,66005.71,63025.99,63816.99,19360.47,1250716141.79,64004.42,0.9277416635158287,0.9190020382464373,0.4786838011075185,0.4508795562411007,1
2024-03-24,67623.78,63802.82,64004.42,19120.87,1253420264.9,67208.33,0.918261496881662,0.9242794378046949,0.47325349963531543,0.49364272015613553,1
2024-03-25,71202.65,66400.46,67208.33,46100.6,3184570068.52,69892.26,0.919161657126462,0.93978108689722,0.4961531913003046,0.4877152181829598,1
2024-03-26,71558.85,69294.69,69892.26,32990.33,2319265484.04,69990.22,0.9299435876479605,0.9528724478319722,0.512156879034129,0.4982012627244128,0
2024-03-27,71762.06,68384.71,69990.22,40450.72,2817965870.72,69434.46,0.9323828219872081,0.9612677424488786,0.5152870317072842,0.4636003889666876,1
2024-03-28,71593.93,68864.89,69434.46,31346.01,2214217706.88,70789.57,0.9396323638599671,0.9737832826594638,0.5295996427581834,0.5108347923216345,0
2024-03-29,70925.04,69059.03,70789.57,17382.89,1216001428.98,69903.72,0.9578231828774462,0.9803319858260874,0.5275259363094587,0.5261907237233991,0
2024-03-30,70356.07,69586.01,69903.72,7371.14,515940317.66,69629.99,0.9618642725129081,0.9845493990553523,0.519462086513342,0.5986954424836711,1
2024-03-31,71389.78,69601.39,69629.99,10567.65,745658086.55,71312.91,0.9751310529091428,0.9950126374548524,0.5286116326439223,0.5757867263938765,0
2024-04-01,71325.61,68074.92,71312.91,28892.19,2005923775.26,69686.37,0.9885111084657192,0.9967957734047806,0.5142461185316605,0.5579995174908307,0
2024-04-02,69703.1,64571.71,69686.37,48905.67,3234216304.99,65466.81,0.9918448267537465,0.9806720471884344,0.4527113311420809,0.5885812980932662,1
2024-04-03,66925.93,64514.87,65466.81,27792.87,1835055534.78,65986.11,0.9890586088734321,0.9696437997799111,0.40775522026500033,0.4741479418652135,1
2024-04-04,69343.32,65081.42,65986.11,36673.5,2475521298.64,68523.79,0.9859389940883088,0.9711950499363776,0.3988032796918719,0.5929776988770332,0
2024-04-05,68772.34,65994.65,68523.79,32904.8,2219856764.99,67860.53,0.981084074059569,0.9697004896265099,0.3824745665432754,0.6222887015751075,1
2024-04-06,69672.09,67483.82,67860.53,11314.76,772361130.33,68913.79,0.9798971354857089,0.972866539349199,0.3796898431740281,0.6392003565118516,1
2024-04-07,70303.08,68877.35,68913.79,13691.75,951477284.85,69357.32,0.9766321254555344,0.9773051068059905,0.3807503809748857,0.5797914895805423,1
2024-04-08,72750.51,69064.41,69357.32,36459.33,2607488940.79,71629.36,0.9805659581722184,0.9904041175850838,0.4051975053018281,0.569380530066218,0
2024-04-09,71748.92,68213.24,71629.36,34538.71,2411758700.3,69129.48,0.9794249770793904,0.9907046387206312,0.39448686045825887,0.4980086897873652,1
2024-04-10,71150.5,67480.7,69129.48,37142.44,2563902180.98,70628.54,0.9778648619358394,0.9971970135373701,0.40093707621289054,0.5485603102903645,0
2024-04-11,71297.81,69558.05,70628.54,24988.45,1758820969.32,70026.43,0.9786400752790831,1.0,0.39733302231593903,0.5006489548558253,0
2024-04-12,71246.69,65257.57,70026.43,49331.17,3367653179.18,67158.3,0.9824960583937214,0.9903420253859713,0.3606289741139559,0.4570468982576268,0
2024-04-13,68422.6,61079.47,67158.3,56915.71,3689543158.77,64021.36,0.9780171416844976,0.9693686036950752,0.2954132070248843,0.4059771774912022,1
2024-04-14,65874.88,62229.8,64021.36,40968.04,2627998512.52,65765.64,0.9717295610144148,0.9594768424496859,0.2630229743698781,0.40749053334173135,0
2024-04-15,66902.94,62328.07,65765.64,40978.19,2658417494.41,63447.27,0.9616689304221517,0.9417230733064671,0.21142550888183403,0.3968028167479121,1
2024-04-16,64385.46,61667.72,63447.27,35542.55,2234500815.41,63824.7,0.950067652785942,0.9287699905577439,0.17542304065142317,0.4818648967760361,0
2024-04-17,64503.77,59682.79,63824.7,41504.19,2562816108.8,61283.74,0.9316628214510372,0.9075839845258279,0.11951211664187035,0.4202136156107764,1
2024-04-18,64181.25,60829.27,61283.74,31452.84,1972785716.37,63511.2,0.9131563639006357,0.8995316729684714,0.10180353343902152,0.4122905954631961,1
2024-04-19,65491.94,59607.49,63511.2,46058.39,2923364930.21,63848.26,0.9011170996160771,0.8943479270367157,0.09315135316434398,0.4325600016219036,1
2024-04-20,65453.07,63140.68,63848.26,13464.03,866105478.99,64979.21,0.88823867817166,0.8948192817703223,0.10054430153104832,0.4345247824170073,0
2024-04-21,65724.22,64271.77,64979.21,13150.64,854324202.42,64955.82,0.8766795282263966,0.8951074709040149,0.10755426729789222,0.4227139307568306,1
2024-04-22,67257.68,64536.42,64955.82,22839.75,1510230897.53,66854.24,0.8759863818135669,0.9032538652755789,0.13561049215702964,0.41278332452419036,0
2024-04-23,67211.15,65835.93,66854.24,17575.6,1169300050.32,66415.06,0.8814431487950503,0.9080890600872574,0.1537743896540159,0.45301379448111373,0
2024-04-24,67067.52,63556.97,66415.06,28785.93,1878460968.73,64263.95,0.8780198407746533,0.9030815811020113,0.14489463575936934,0.36796881194161063,1
2024-04-25,65279.7,62759.65,64263.95,26730.52,1713069016.97,64488.49,0.8803934443659387,0.899920197670471,0.14141408062910454,0.3853529658158025,0
2024-04-26,64795.15,63307.56,64488.49,19914.4,1275865834.83,63750.63,0.8802245916566109,0.8942589924787715,0.1314735625491818,0.42791352111008857,0
2024-04-27,63904.85,62408.97,63750.63,12684.85,799665556.56,63434.44,0.8851274068577957,0.8883095523922121,0.12128628843884162,0.5012129930707914,0
2024-04-28,64335.08,62769.01,63434.44,10104.62,642628554.25,63111.34,0.8842158712245851,0.882095490196173,0.11094474186232343,0.42804938978259205,1
2024-04-29,64192.54,61768.51,63111.34,21849.86,1370557060.16,63847.54,0.884214229885977,0.8800789591167365,0.11241028301285629,0.5351887424197235,0
2024-04-30,64721.13,59097.29,63847.54,41212.82,2518380270.05,60633.97,0.8743086601994581,0.8650383149368367,0.07907382229617116,0.41799853961530464,0
2024-05-01,60788.52,56516.09,60633.97,52053.76,3014503800.73,58277.44,0.8590843783455098,0.8429128129416034,0.02840585196833964,0.4227822064975757,1
2024-05-02,59628.08,56936.28,58277.44,29471.89,1724718703.27,59083.85,0.8413707101392827,0.8281703920127678,0.0,0.3631442287872175,1
2024-05-03,63355.83,58835.76,59083.85,35180.41,2147038663.01,62917.45,0.8333974291257451,0.8320827945114629,0.023109743032961816,0.49314313077552846,1
2024-05-04,64539.14,62587.84,62917.45,16206.9,1029192793.92,63904.51,0.8325780364182946,0.8393968714318772,0.054581358819393744,0.48878722942147074,1
2024-05-05,64634.43,62923.47,63904.51,12595.62,803966989.59,64037.5,0.8315499429475262,0.8459352776075147,0.08272364757981565,0.49345043250700593,0
2024-05-06,65517.33,62715.9,64037.5,24082.55,1537928462.74,63168.44,0.8302227611081352,0.8476635613135947,0.09676495385234679,0.40789037014970714,0
2024-05-07,64403.15,62274.09,63168.44,20907.17,1326416673.48,62323.36,0.8276899020791064,0.845556213506032,0.09986581924043056,0.39844761258303324,0
2024-05-08,63004.6,60867.52,62323.36,18593.4,1155791451.43,61179.81,0.82328671490956,0.8390669149894375,0.09103214351538952,0.4227406171041112,1
2024-05-09,63429.98,60623.94,61179.81,18440.55,1140626858.17,63077.18,0.821530573784166,0.8416637169050166,0.10685183883581048,0.4794314046999492,0
2024-05-10,63469.13,60181.24,63077.18,25390.35,1565941805.66,60790.82,0.8218881348407083,0.8342612468420402,0.09516229101457577,0.44183597762252097,1
2024-05-11,61489.54,60474.73,60790.82,8298.11,505608099.69,60823.19,0.8276915206213451,0.8283395642921955,0.08790458315895158,0.4500077723137734,1
2024-05-12,61838.51,60600.9,60823.19,8214.5,502848342.69,61459.22,0.8331065018574257,0.826144850489272,0.09093201083812286,0.47631801815747044,1
2024-05-13,63445.72,60758.38,61459.22,21250.01,1327733464.12,62932.29,0.8331403316698518,0.8304873706625974,0.11131522651719993,0.49654773826133725,0
2024-05-14,63097.07,61094.77,62932.29,26392.04,1636519845.72,61548.48,0.8277694386125001,0.8282740877232154,0.11321272458133341,0.5451774597697581,1
2024-05-15,66467.29,61325.48,61548.48,40708.36,2625073579.59,66245.16,0.8328021019346961,0.8460340061646509,0.1683966881852345,0.7167137533030662,0
2024-05-16,66760.54,64600.05,66245.16,24275.96,1596664354.59,65250.53,0.8375485112443322,0.8564202844553556,0.20124818471276099,0.6708360308189588,1
2024-05-17,67489.24,65120.39,65250.53,23340.48,1552274385.82,67051.35,0.8483266119757447,0.8724220583767469,0.24739474669306327,0.6317638168822325,0
2024-05-18,67397.7,66633.01,67051.35,8752.24,586174043.35,66927.56,0.8614293952893675,0.884998593288293,0.2819743642981509,0.6055216583304478,0
2024-05-19,67696.21,65878.18,66927.56,9725.64,650338446.5,66268.25,0.8687038763904251,0.8925411799204465,0.30112699488247807,0.5812705386833418,1
2024-05-20,71546.4,66071.74,66268.25,38260.49,2624709812.32,71430.23,0.8929578686160422,0.9202220508996745,0.3728760796041449,0.7053430812652359,0
2024-05-21,71964.79,69158.99,71430.23,30747.6,2169803609.99,70141.17,0.9141994801789444,0.9374985998723074,0.41309310662004084,0.6920617513086548,0
2024-05-22,70643.89,68952.24,70141.17,22981.44,1603267534.2,69123.56,0.9316713928859917,0.9473936377585376,0.4311736042708285,0.6957780633264834,0
2024-05-23,70037.76,66370.0,69123.56,28168.79,1922285401.83,67946.35,0.9431016293613956,0.9505842137727935,0.4299252460397601,0.6310609540875337,1
2024-05-24,69264.17,66613.35,67946.35,18239.62,1242012319.42,68548.33,0.9590587461075768,0.9557030999241619,0.4333835598185555,0.7112900184247918,1
2024-05-25,69599.81,68498.87,68548.33,5972.0,412212332.66,69288.95,0.9659974822777604,0.96297739900616,0.44203571937696584,0.7219735258071506,0
2024-05-26,69511.53,68156.05,69288.95,5502.87,379159635.92,68488.29,0.9733783996282919,0.9655927956413696,0.4374748464966184,0.686391781927223,1
2024-05-27,70613.89,68227.32,68488.29,13110.64,909946343.46,69386.83,0.9787024461461986,0.9714768283695,0.44155818852176565,0.6768888271067142,0
2024-05-28,69533.54,67206.37,69386.83,22223.83,1514489243.92,68330.84,0.9819014150937591,0.9718907894231669,0.4305765331422484,0.6874458927211577,0
2024-05-29,68858.38,67099.33,68330.84,16353.37,1108570253.28,67576.81,0.9848844568288508,0.9690874866544498,0.4112835072160611,0.5602678529276547,1
2024-05-30,69520.94,67107.22,67576.81,20828.64,1424914242.82,68346.19,0.9778539652711897,0.9699998360117964,0.40268303990696974,0.615217260867204,0
2024-05-31,69012.82,66605.09,68346.19,19922.04,1349659294.8,67482.25,0.971792592976247,0.9671463170566638,0.3843481084268517,0.5338100765655328,1
2024-06-01,67831.31,67383.55,67482.25,4400.74,297719480.73,67721.6,0.9685966331494686,0.9658089769482675,0.3708959523745781,0.5454828865715918,1
2024-06-02,68409.58,67279.96,67721.6,6731.43,456585602.02,67738.74,0.9681233577210415,0.9647862109477284,0.35894522089158815,0.569405523826311,1
2024-06-03,70283.97,67584.62,67738.74,22783.46,1575608100.17,68799.6,0.9686961620989656,0.9683699429443443,0.3599434130022162,0.39859683364815773,1
2024-06-04,71090.99,68553.54,68799.6,29746.55,2084571763.56,70548.51,0.9715675016232155,0.9785896912870796,0.3787464466773446,0.5377610016716005,1
2024-06-05,71782.2,70371.34,70548.51,16180.64,1149616530.63,71427.78,0.9782684716588923,0.9906151693771393,0.4015892725548126,0.6229077098957728,0
